{
  "project_info": {
    "project_number": "727829521805",
    "firebase_url": "https://sparkathon-ee76f-default-rtdb.firebaseio.com",
    "project_id": "sparkathon-ee76f",
    "storage_bucket": "sparkathon-ee76f.appspot.com"
  },
  "client": [
    {
      "client_info": {
        "mobilesdk_app_id": "1:727829521805:android:b43f0c447af39a4e5949c4",
        "android_client_info": {
          "package_name": "com.example.pec"
        }
      },
      "oauth_client": [],
      "api_key": [
        {
          "current_key": "AIzaSyCq3lHO8A-1djV1oOtVmqSImINsD8XZ9pU"
        }
      ],
      "services": {
        "appinvite_service": {
          "other_platform_oauth_client": []
        }
      }
    }
  ],
  "configuration_version": "1"
}